{
  "model_type": "mobilenet_v2",
  "model_size_mb": 8.6397705078125,
  "num_params": 2264864,
  "test_accuracy": 83.3103448275862,
  "avg_inference_time_ms": 1.3363559766747484,
  "fps": 748.3036088096061,
  "avg_class_accuracy": 64.84425252894339,
  "class_accuracies": {
    "attack_on_titan_三笠": 80.0,
    "attack_on_titan_艾伦": 65.0,
    "demon_slayer_炭治郎": 0.0,
    "demon_slayer_祢豆子": 0.0,
    "dragon_ball_孙悟空": 73.0,
    "dragon_ball_贝吉塔": 89.0,
    "genshin_impact_八重神子": 90.9090909090909,
    "genshin_impact_刻晴": 98.71794871794873,
    "genshin_impact_温迪": 95.74468085106383,
    "genshin_impact_甘雨": 95.34883720930233,
    "genshin_impact_神里绫华": 92.0,
    "genshin_impact_胡桃": 100.0,
    "genshin_impact_荒泷一斗": 91.0,
    "genshin_impact_迪卢克": 95.23809523809523,
    "genshin_impact_雷电将军": 78.0,
    "honkai_impact_3_布洛妮娅": 96.05263157894737,
    "honkai_impact_3_德丽莎": 100.0,
    "honkai_impact_3_琪亚娜": 66.27906976744185,
    "honkai_impact_3_琪亚娜·卡斯兰娜": 50.0,
    "honkai_impact_3_芽衣": 87.5,
    "honkai_impact_3_雷电芽衣": 46.0,
    "honkai_star_rail_三月七": 50.0,
    "honkai_star_rail_丹恒": 0.0,
    "honkai_star_rail_姬子": 0.0,
    "honkai_star_rail_火花": 96.66666666666667,
    "honkai_star_rail_瓦尔特": 0.0,
    "naruto_佐助": 94.44444444444444,
    "naruto_鸣人": 76.76767676767676,
    "one_piece_索隆": 100.0,
    "one_piece_路飞": 67.3469387755102,
    "tokyo_ghoul_董香": 0.0,
    "tokyo_ghoul_金木研": 0.0
  },
  "test_data_size": 2175,
  "num_classes": 32,
  "evaluation_time": "2026-02-06 13:16:06"
}