{
  "model_type": "mobilenet_v2",
  "model_size_mb": 8.52737808227539,
  "num_params": 2235401,
  "num_epochs": 50,
  "batch_size": 16,
  "learning_rate": 0.0005,
  "training_time_seconds": 2374.3134231567383,
  "best_val_accuracy": 94.3820224719101,
  "final_train_accuracy": 97.19101123595506,
  "final_val_accuracy": 91.01123595505618,
  "train_losses": [
    0.7491761988468384,
    0.3203931876112906,
    0.21809853844637617,
    0.18843140084756893,
    0.15780785566802774,
    0.13066338940282887,
    0.20422976388690178,
    0.12733527909169037,
    0.11878052165501574,
    0.14237899626238962,
    0.212976000951917,
    0.11618473866347516,
    0.12313532458848497,
    0.16956850024086706,
    0.17807074029291614,
    0.10863193440554517,
    0.07313003887558418,
    0.0596965178114812,
    0.0555281639936265,
    0.049231577120470195,
    0.05012508959959397,
    0.04244177914590815,
    0.058183703138597644,
    0.10519584041256248,
    0.09038608292839752,
    0.09059328715620416,
    0.05669666082713376,
    0.048207594775019236,
    0.04634765509170679,
    0.038902658236662994,
    0.054076169112571675,
    0.08731360446525675,
    0.05530947999338086,
    0.05345917204028686,
    0.0491977682902237,
    0.05159422393961485,
    0.03778847515206324,
    0.035161580486233565,
    0.03784850500837973,
    0.03673476631376432,
    0.03734434160843408,
    0.06166186637318369,
    0.046793924023925716,
    0.03458371909670113,
    0.0345759472634455,
    0.039366014691572006,
    0.03553680153929869,
    0.0371288555292308,
    0.03644525159275933,
    0.037434883708699365
  ],
  "train_accuracies": [
    73.31460674157303,
    88.20224719101124,
    91.57303370786516,
    92.69662921348315,
    94.10112359550563,
    94.66292134831461,
    91.29213483146067,
    94.9438202247191,
    94.10112359550563,
    93.53932584269663,
    91.57303370786516,
    96.34831460674157,
    94.66292134831461,
    93.53932584269663,
    92.69662921348315,
    94.3820224719101,
    96.06741573033707,
    97.19101123595506,
    96.62921348314607,
    97.19101123595506,
    96.91011235955057,
    97.19101123595506,
    96.62921348314607,
    97.47191011235955,
    95.78651685393258,
    95.78651685393258,
    96.34831460674157,
    97.19101123595506,
    96.91011235955057,
    96.91011235955057,
    96.34831460674157,
    96.62921348314607,
    97.47191011235955,
    97.47191011235955,
    97.47191011235955,
    95.78651685393258,
    97.19101123595506,
    98.31460674157303,
    97.47191011235955,
    97.75280898876404,
    96.62921348314607,
    96.62921348314607,
    98.87640449438202,
    97.19101123595506,
    98.03370786516854,
    97.19101123595506,
    98.87640449438202,
    98.31460674157303,
    97.19101123595506,
    97.19101123595506
  ],
  "val_losses": [
    0.5180984156185322,
    0.44549460826295145,
    0.2525378258040782,
    0.2321723367223579,
    0.43591699506459614,
    0.48131171438131437,
    0.4193796341338854,
    0.37435851472147397,
    0.3534369318003065,
    0.3040790017066377,
    0.6374079924118653,
    0.3135478791644734,
    0.24000710466604555,
    0.4433065220881044,
    0.33805788383724983,
    0.37515173400386,
    0.29922827802012475,
    0.2842361990655406,
    0.3367003975959306,
    0.36291028190864605,
    0.3200712248348118,
    0.3587463749258706,
    0.3362698482161158,
    0.37718492629153005,
    0.3977712520052878,
    0.31662919899720826,
    0.31639144862635754,
    0.3422283811515637,
    0.4098620901951629,
    0.4027046373720919,
    0.41077113821265404,
    0.47403116072161816,
    0.26295972874995027,
    0.3382028332921896,
    0.33198381541820055,
    0.35174398274903884,
    0.3604569063427743,
    0.35444363281967933,
    0.3428243263049072,
    0.3772782847452699,
    0.34927373387840355,
    0.31899089382940465,
    0.3498526619056637,
    0.34776642684186443,
    0.3834727135267151,
    0.4068989284922568,
    0.36600239022394243,
    0.3961437426591187,
    0.35673696957947165,
    0.37292358145285187
  ],
  "val_accuracies": [
    88.76404494382022,
    85.39325842696628,
    89.8876404494382,
    93.25842696629213,
    87.64044943820225,
    86.51685393258427,
    84.26966292134831,
    87.64044943820225,
    91.01123595505618,
    87.64044943820225,
    85.39325842696628,
    92.13483146067416,
    94.3820224719101,
    87.64044943820225,
    91.01123595505618,
    89.8876404494382,
    89.8876404494382,
    91.01123595505618,
    92.13483146067416,
    92.13483146067416,
    91.01123595505618,
    91.01123595505618,
    91.01123595505618,
    91.01123595505618,
    89.8876404494382,
    89.8876404494382,
    88.76404494382022,
    91.01123595505618,
    91.01123595505618,
    91.01123595505618,
    91.01123595505618,
    89.8876404494382,
    89.8876404494382,
    92.13483146067416,
    92.13483146067416,
    91.01123595505618,
    91.01123595505618,
    91.01123595505618,
    91.01123595505618,
    91.01123595505618,
    91.01123595505618,
    93.25842696629213,
    91.01123595505618,
    92.13483146067416,
    91.01123595505618,
    91.01123595505618,
    91.01123595505618,
    91.01123595505618,
    92.13483146067416,
    91.01123595505618
  ]
}