{
  "model_type": "mobilenet_v2",
  "model_size_mb": 8.6397705078125,
  "num_params": 2264864,
  "num_epochs": 50,
  "batch_size": 32,
  "learning_rate": 0.0005,
  "training_time_seconds": 3388.5563151836395,
  "best_val_accuracy": 67.35632183908045,
  "final_train_accuracy": 87.1264367816092,
  "final_val_accuracy": 66.89655172413794,
  "train_losses": [
    2.3408362629769863,
    1.1962218725818328,
    0.7605894058600239,
    0.6066074926277687,
    0.525747142166927,
    0.4852500031734335,
    0.45022292726341334,
    0.4164572379369845,
    0.3997944245393249,
    0.3664284942478969,
    0.33124737033898805,
    0.3050029243374693,
    0.2968693971633911,
    0.3062456454353771,
    0.3070180188650372,
    0.2830733757594536,
    0.2930298810032592,
    0.30566454725018866,
    0.29414533767206913,
    0.27303302781335237,
    0.2627450532269204,
    0.2501983394225438,
    0.2507491496273841,
    0.24456021607607262,
    0.24088083361757212,
    0.24643768849729122,
    0.23596254970835542,
    0.23432970603649644,
    0.2337299557252862,
    0.2273451332388253,
    0.2314651055240083,
    0.2253830662232706,
    0.22310443897356932,
    0.22701430533124112,
    0.22303890716070415,
    0.2202140040781306,
    0.21911908691299373,
    0.21744087232255388,
    0.21951504031132008,
    0.21963571851280914,
    0.21713258291798077,
    0.2154688895176882,
    0.2137357397668663,
    0.21258795042147582,
    0.2090356391736831,
    0.21182282474534264,
    0.21305205719224338,
    0.21009804527649933,
    0.21115867379067957,
    0.2105825747909217
  ],
  "train_accuracies": [
    31.436781609195403,
    59.827586206896555,
    72.12643678160919,
    77.75862068965517,
    80.28735632183907,
    80.45977011494253,
    81.14942528735632,
    82.58620689655173,
    82.58620689655173,
    82.93103448275862,
    83.39080459770115,
    84.25287356321839,
    84.25287356321839,
    84.3103448275862,
    84.3103448275862,
    85.0574712643678,
    84.94252873563218,
    84.08045977011494,
    83.9655172413793,
    84.08045977011494,
    85.0,
    85.40229885057471,
    85.51724137931035,
    85.22988505747126,
    85.6896551724138,
    84.59770114942529,
    85.40229885057471,
    85.74712643678161,
    86.7816091954023,
    86.55172413793103,
    87.01149425287356,
    86.83908045977012,
    86.7816091954023,
    86.49425287356321,
    86.20689655172413,
    86.83908045977012,
    86.95402298850576,
    86.55172413793103,
    86.37931034482759,
    86.55172413793103,
    87.47126436781609,
    87.58620689655172,
    87.29885057471265,
    87.24137931034483,
    88.10344827586208,
    87.47126436781609,
    87.35632183908046,
    87.93103448275862,
    87.24137931034483,
    87.1264367816092
  ],
  "val_losses": [
    1.6834976086671325,
    1.2164529720942179,
    1.1695843663708918,
    1.1133492891815888,
    1.044096895195972,
    1.0882885417718997,
    1.0657852244103092,
    1.0769034517222438,
    1.2743228578019417,
    1.0833783889638966,
    1.1220013887032696,
    1.3190328691197537,
    1.1805009162288973,
    1.3074408832637743,
    1.1946348206750277,
    1.415460036814898,
    1.2944130601554082,
    1.376992223454618,
    1.327884708601853,
    1.490291091217392,
    1.3423340145198779,
    1.5038674645040226,
    1.5596419926347405,
    1.489929216757588,
    1.5440134026538366,
    1.4993971128573362,
    1.5855038314030088,
    1.5437918136859763,
    1.620621295358943,
    1.5733682358401946,
    1.587032036397649,
    1.6236013127469469,
    1.6211813586881791,
    1.6192194445379848,
    1.6640428060772776,
    1.631856398746885,
    1.6157358531294197,
    1.653624506106322,
    1.6645768560212233,
    1.6594605117008603,
    1.6863542929463002,
    1.6449684307493013,
    1.6165815386278877,
    1.6953573183081616,
    1.6740563063785947,
    1.6579434427721746,
    1.681246628158394,
    1.6616931224691456,
    1.6562891094163916,
    1.6461370698336897
  ],
  "val_accuracies": [
    42.5287356321839,
    58.39080459770115,
    61.149425287356316,
    65.51724137931035,
    60.0,
    65.28735632183908,
    62.29885057471264,
    63.678160919540225,
    60.229885057471265,
    65.74712643678161,
    65.51724137931035,
    62.98850574712643,
    67.35632183908045,
    65.74712643678161,
    66.20689655172414,
    65.97701149425286,
    62.29885057471264,
    63.44827586206897,
    64.82758620689654,
    64.59770114942529,
    61.149425287356316,
    65.51724137931035,
    65.05747126436782,
    66.4367816091954,
    61.60919540229885,
    65.74712643678161,
    66.4367816091954,
    66.4367816091954,
    66.20689655172414,
    66.66666666666666,
    65.74712643678161,
    63.44827586206897,
    63.9080459770115,
    64.59770114942529,
    63.678160919540225,
    64.13793103448275,
    65.97701149425286,
    65.74712643678161,
    65.97701149425286,
    66.4367816091954,
    65.97701149425286,
    65.97701149425286,
    66.66666666666666,
    65.05747126436782,
    65.97701149425286,
    65.51724137931035,
    65.97701149425286,
    67.1264367816092,
    65.74712643678161,
    66.89655172413794
  ]
}