{
  "model_type": "mobilenet_v2",
  "num_epochs": 30,
  "best_val_accuracy": 82.3529411764706,
  "final_train_accuracy": 93.10344827586206,
  "final_val_accuracy": 74.50980392156863,
  "train_losses": [
    2.0176687699097853,
    0.8159525165191064,
    0.46293453299082243,
    0.3190999970986293,
    0.3190481995160763,
    0.2091230463523131,
    0.22050054772542074,
    0.15577201086741227,
    0.17083652260211799,
    0.18514760927512094,
    0.1504909646912263
  ],
  "val_losses": [
    0.9108362048864365,
    0.4957440234720707,
    0.525195524096489,
    0.6031906874850392,
    0.6488511925563216,
    0.7243603761307895,
    0.7238104771822691,
    0.7401324957609177,
    0.7654582089744508,
    0.8233810444362462,
    0.8651947092730552
  ],
  "train_accuracies": [
    44.827586206896555,
    81.77339901477832,
    85.71428571428571,
    89.65517241379311,
    90.14778325123153,
    90.64039408866995,
    91.6256157635468,
    92.11822660098522,
    94.08866995073892,
    91.6256157635468,
    93.10344827586206
  ],
  "val_accuracies": [
    82.3529411764706,
    80.3921568627451,
    70.58823529411765,
    74.50980392156863,
    76.47058823529412,
    76.47058823529412,
    78.43137254901961,
    74.50980392156863,
    72.54901960784314,
    74.50980392156863,
    74.50980392156863
  ]
}