{
  "model_type": "mobilenet_v2",
  "num_epochs": 30,
  "best_val_accuracy": 84.31372549019608,
  "final_train_accuracy": 89.65517241379311,
  "final_val_accuracy": 80.3921568627451,
  "train_losses": [
    2.033245141689594,
    0.8309375712504754,
    0.45681320703946626,
    0.4544827112784752,
    0.3325154254069695,
    0.2961014428964028,
    0.27986310336452264,
    0.2488454757974698,
    0.23918723888122118,
    0.23775633997642076,
    0.22968511627270624,
    0.2209440876658146,
    0.2617503439004605,
    0.2251798865886835,
    0.20342675338570887,
    0.1885881802210441,
    0.1749229674729017
  ],
  "val_losses": [
    1.3559236526489258,
    0.7308586984872818,
    0.572568453848362,
    0.5539067760109901,
    0.5661224126815796,
    0.550696725025773,
    0.44737862423062325,
    0.5156003925949335,
    0.5301434593275189,
    0.529936452396214,
    0.5026582079008222,
    0.49480929877609015,
    0.5056802518665791,
    0.48385498113930225,
    0.4749352899380028,
    0.5047768675722182,
    0.49685163935646415
  ],
  "train_accuracies": [
    42.857142857142854,
    80.78817733990148,
    84.72906403940887,
    86.69950738916256,
    87.6847290640394,
    86.69950738916256,
    88.66995073891626,
    91.13300492610837,
    87.6847290640394,
    87.6847290640394,
    89.65517241379311,
    87.19211822660098,
    86.20689655172414,
    87.19211822660098,
    90.64039408866995,
    90.14778325123153,
    89.65517241379311
  ],
  "val_accuracies": [
    68.62745098039215,
    68.62745098039215,
    74.50980392156863,
    78.43137254901961,
    74.50980392156863,
    76.47058823529412,
    84.31372549019608,
    72.54901960784314,
    72.54901960784314,
    74.50980392156863,
    80.3921568627451,
    82.3529411764706,
    82.3529411764706,
    78.43137254901961,
    82.3529411764706,
    78.43137254901961,
    80.3921568627451
  ]
}